{
  "version": 1,
  "author": "Uri Shaked",
  "editor": "wokwi",
  "parts": [
    { "type": "board-esp32-devkit-c-v4", "id": "esp", "top": -38.4, "left": -100.76, "attrs": {} },
    {
      "type": "wokwi-dht22",
      "id": "dht1",
      "top": 67.5,
      "left": 52.2,
      "attrs": { "temperature": "6.5" }
    },
    {
      "type": "wokwi-resistor",
      "id": "r1",
      "top": -34.45,
      "left": 38.4,
      "attrs": { "value": "1000" }
    },
    {
      "type": "wokwi-led",
      "id": "led1",
      "top": -58.4,
      "left": 121.8,
      "rotate": 90,
      "attrs": { "color": "red", "flip": "1" }
    },
    {
      "type": "wokwi-led",
      "id": "led2",
      "top": -3.6,
      "left": 195.8,
      "rotate": 90,
      "attrs": { "color": "red", "flip": "1" }
    },
    {
      "type": "wokwi-resistor",
      "id": "r2",
      "top": 23.15,
      "left": 48,
      "attrs": { "value": "1000" }
    }
  ],
  "connections": [
    [ "esp:TX", "$serialMonitor:RX", "", [] ],
    [ "esp:RX", "$serialMonitor:TX", "", [] ],
    [ "dht1:VCC", "esp:3V3", "red", [ "v109.3", "h-170.36", "v-200.78" ] ],
    [ "dht1:SDA", "esp:15", "green", [ "v0" ] ],
    [ "dht1:GND", "esp:GND.1", "black", [ "v99.7", "h-189.56", "v-66.38" ] ],
    [ "led1:C", "r1:2", "green", [ "h0" ] ],
    [ "r1:1", "esp:GND.2", "green", [ "h-38.4", "v19.2" ] ],
    [ "led1:A", "esp:23", "green", [ "v38.4", "h-124.8" ] ],
    [ "led2:C", "r2:2", "green", [ "h0" ] ],
    [ "led2:A", "esp:19", "green", [ "h-16.4", "v41.2" ] ],
    [ "r2:1", "esp:GND.3", "green", [ "v0" ] ]
  ],
  "dependencies": {}
}